variant,epsilon,rep,spearman_rho,spearman_p,qini_coef,auuc,n_synth,treat_ratio_synth,conv_rate_synth,is_degenerate
size_25,0.1,0,0.18600852179513394,5.000895447913952e-149,-17.436430141049186,0.05683339977233956,11176,0.6539906943450251,0.03364352183249821,1
size_25,0.1,1,0.5914466924818791,0.0,18.966281243184312,0.05698397557453373,11256,0.6644456289978679,0.01261549395877754,1
size_25,0.1,2,0.0741581269309247,7.886835312401482e-25,-46.60097451608385,0.04781540870197086,11115,0.6645074224021592,0.016824111560953665,1
size_25,0.1,3,-0.09002591392330053,7.566324302325113e-36,-57.490701603112484,0.04521220266928669,11115,0.6653171390013495,0.0015294646873594243,1
size_25,0.1,4,-0.04813393230011228,2.5051217404458738e-11,-31.06041827737505,0.05432018831972985,11029,0.6650648290869525,0.0065282437210989214,1
size_25,0.1,5,0.33637975256757724,0.0,-14.486934401918631,0.05326255430950479,11076,0.6784037558685446,0.035211267605633804,1
size_25,0.1,6,0.7137090961238035,0.0,44.49001601783618,0.06447575129530562,11207,0.6778798964932632,0.026858213616489695,1
size_25,0.1,7,0.5046403949657307,0.0,23.002569576742985,0.05894566398743779,11177,0.6432853180638812,0.0,1
size_25,0.1,8,0.2606538530128335,1.0807261044688998e-295,-25.157393024853718,0.05277862906148555,11254,0.6431491025413186,0.02159232272969611,1
size_25,0.1,9,0.5076992869315639,0.0,38.64318217884784,0.05288850710034949,11291,0.6522008679479231,0.026038437693738377,0
size_25,0.5,0,-0.11533706433274017,7.388801912946192e-58,-18.935511988361384,0.0505877033266045,11193,0.6635397123202001,0.008844813722862504,0
size_25,0.5,1,-0.06325823744241622,1.7314281515277065e-18,-17.03213338972273,0.053385190527364235,11201,0.6660119632175698,0.008749218819748238,0
size_25,0.5,2,-0.01487302435699801,0.03931768580166905,-25.07864999894457,0.05306257520679606,11176,0.6663385826771654,0.006710808876163207,0
size_25,0.5,3,-0.11334453133636141,6.320947095103897e-56,-2.968107385950134,0.05086406014473809,11187,0.6672923929561098,0.0070617681237150265,0
size_25,0.5,4,-0.029547646242368133,4.224064208437561e-05,-22.61836664975499,0.049650997665101435,11173,0.6684865300277455,0.00832363734001611,0
size_25,0.5,5,-0.1298819850005781,5.257589096420903e-73,-10.099013523306212,0.05072484421650237,11155,0.6689376961004034,0.009950694755714926,0
size_25,0.5,6,-0.09364399788496963,1.1697821838245517e-38,-20.244255975809892,0.05224611018954791,11204,0.6696715458764727,0.0129418064976794,0
size_25,0.5,7,0.008771991273652066,0.22420327082749467,-38.61004894469107,0.048051960332361594,11218,0.6603672668924943,0.006863968621857728,0
size_25,0.5,8,-0.023321717418049743,0.0012302126602103637,-22.311630950305528,0.047416708077277124,11211,0.663990723396664,0.010703773080010704,0
size_25,0.5,9,-0.15485860561511688,2.391152177083925e-103,-18.87864515216154,0.049371230585473755,11210,0.6684210526315789,0.01088314005352364,0
size_25,1.0,0,-0.10427527249462132,1.4560758708246709e-47,-30.804358039679414,0.05075662772727746,11194,0.6660711095229588,0.00982669287118099,0
size_25,1.0,1,-0.24837960101580767,8.065509406818049e-268,-29.467190015001563,0.05026630979562639,11209,0.6663395485770363,0.009902756713355339,0
size_25,1.0,2,-0.04067000343309301,1.726705295352709e-08,-29.237546308275626,0.05064866463750831,11195,0.6678874497543547,0.008485931219294328,0
size_25,1.0,3,-0.15308448398767635,5.205074022442374e-101,-30.167622082256116,0.050393738089491706,11203,0.6666071587967509,0.008747656877622065,0
size_25,1.0,4,-0.03822704636272431,1.1676646062579046e-07,-32.91713642677951,0.048351598094053976,11185,0.6673223066607064,0.009119356280733125,0
size_25,1.0,5,-0.11290678920415195,1.6621784568821268e-55,-43.28699443948909,0.047903916044317346,11184,0.6672925608011445,0.009656652360515022,0
size_25,1.0,6,-0.1703146356468381,6.536010413519404e-125,-25.054841349938442,0.05064591054558662,11189,0.6684243453391724,0.009116096165877201,0
size_25,1.0,7,-0.028980874009121187,5.912155455944936e-05,-24.931783092388173,0.0498986676325114,11203,0.6642863518700348,0.005712755511916451,0
size_25,1.0,8,-0.0665874151474511,2.5523120300559455e-20,-36.94946603304089,0.050161037101687865,11204,0.6661906461977865,0.009460906818993217,0
size_25,1.0,9,-0.04928658445724072,8.312363953776197e-12,-28.021504081851162,0.04856055794437488,11198,0.6661010894802644,0.009376674406143955,0
size_25,2.0,0,-0.1670472653566836,3.576752684452941e-120,-30.474845586964932,0.0505555586101006,11197,0.6666071269089935,0.009377511833526838,0
size_25,2.0,1,-0.25348990164599194,3.072664646255546e-279,-27.901260085412787,0.05034354869499948,11205,0.6666666666666666,0.00892458723784025,0
size_25,2.0,2,-0.040602927443466566,1.8224654285572673e-08,-28.692742880505648,0.049693131236398166,11197,0.6675895329106011,0.008752344377958382,0
size_25,2.0,3,-0.2341732974515387,1.8998610956076913e-237,-43.09341079847627,0.048729033947474465,11201,0.6669047406481564,0.008927774305865548,0
size_25,2.0,4,-0.08543171361497319,1.9401188901770952e-32,-37.43871594646333,0.04786227227403745,11191,0.6673219551425252,0.008578321865785006,0
size_25,2.0,5,0.012323423252498097,0.08772223581694179,-23.42817966555623,0.0511797899383419,11194,0.6668751116669644,0.009558692156512418,0
size_25,2.0,6,-0.2693603713173701,0.0,-40.53926246033643,0.048415974188917785,11195,0.6677087985707906,0.009289861545332737,0
size_25,2.0,7,-0.11829493903303662,8.648381597036656e-61,-35.85151020286912,0.04978426160906332,11196,0.6657734905323329,0.007681314755269739,0
size_25,2.0,8,-0.050924089439256796,1.6605953932218722e-12,-25.843078363882398,0.05122648727729731,11202,0.6665773968934119,0.00919478664524192,0
size_25,2.0,9,-0.1683216995651837,5.210561093405575e-122,-35.84689481464568,0.0502011142223528,11204,0.6669046769011068,0.009460906818993217,0
size_25,5.0,0,-0.2481533318397859,2.5477431491233524e-267,-30.226815374308444,0.04989740479725232,11198,0.6669048044293624,0.009198071084122164,0
size_25,5.0,1,-0.29151169594588705,0.0,-43.91793301902197,0.04851790198673867,11202,0.666934475986431,0.00874843777896804,0
size_25,5.0,2,-0.22330994550559066,1.4520785232372536e-215,-43.29932090315879,0.04890555633624519,11198,0.667172709412395,0.008840864440078585,0
size_25,5.0,3,-0.18345618777622913,5.957891975065817e-145,-33.061564307038964,0.050309713129538226,11200,0.6670535714285715,0.008571428571428572,0
size_25,5.0,4,-0.07965365266933237,2.0970348136902965e-28,-36.89590126321235,0.04789128027833782,11195,0.6671728450200982,0.008753907994640464,0
size_25,5.0,5,-0.13256313967296984,5.335412300050323e-76,-27.961916793243176,0.05123878731749142,11196,0.6669346195069668,0.008931761343336906,0
size_25,5.0,6,-0.2469397310320651,1.192873124344046e-264,-39.820800360225405,0.0486779411280313,11197,0.6675002232740913,0.0091095829239975,0
size_25,5.0,7,-0.13819633407395396,1.7061563733329605e-82,-32.733121273546885,0.05076074784934808,11198,0.6665475977853188,0.008305054474013217,0
size_25,5.0,8,-0.24406906158106845,2.1605709291241565e-258,-39.165846752538016,0.04895262335447147,11201,0.6669047406481564,0.008927774305865548,0
size_25,5.0,9,-0.24298643693759125,4.7127948567320076e-256,-40.60916870635447,0.04842000264981073,11201,0.6670832961342738,0.009195607535041514,0
size_25,10.0,0,-0.1730452682878593,6.040912469028415e-129,-16.39434677481762,0.05146220697425346,11199,0.6671131351013483,0.009107956067506027,0
size_25,10.0,1,-0.2751411822554182,0.0,-37.12419412460446,0.04926874588817802,11201,0.6670832961342738,0.008838496562806893,0
size_25,10.0,2,-0.2063910692649003,9.391813111876684e-184,-37.32562017324898,0.049241766265937424,11198,0.667262011073406,0.00893016610108948,0
size_25,10.0,3,-0.16777829577307804,3.175342881392846e-121,-31.761957287333644,0.05101777335567699,11200,0.6671428571428571,0.008839285714285714,0
size_25,10.0,4,-0.27750278248272814,0.0,-44.92806514076375,0.048016646875924295,11198,0.6670834077513842,0.00893016610108948,0
size_25,10.0,5,-0.148662243166719,2.6395331921761e-95,-26.938463835572065,0.05117897158695931,11197,0.6669643654550326,0.00893096365097794,0
size_25,10.0,6,-0.28164662487927783,0.0,-46.919980393980836,0.04772941502599568,11199,0.6672024287882846,0.009018662380569694,0
size_25,10.0,7,-0.18498556913976896,2.1873110320935068e-147,-35.202316449590626,0.05004515407486374,11199,0.6668452540405393,0.008482900258951692,0
size_25,10.0,8,-0.26591475445290963,4.1333531795219823e-308,-43.777670245208014,0.04838705619852872,11200,0.6670535714285715,0.008928571428571428,0
size_25,10.0,9,-0.2768071160959885,0.0,-40.344421782693644,0.04844141219986863,11200,0.6671428571428571,0.009017857142857143,0
size_25,inf,0,-0.258958792614667,9.42101508875677e-292,-33.85621783631791,0.049516008884145805,11199,0.6671131351013483,0.00866148763282436,0
size_25,inf,1,-0.2655206511146703,3.600724897612252e-307,-43.66365514669718,0.048393262894319035,11200,0.6671428571428571,0.009107142857142857,0
size_25,inf,2,-0.21266560133792817,3.1258313330685166e-195,-38.16093039472355,0.049083870169007074,11199,0.667023841414412,0.00892936869363336,0
size_25,inf,3,-0.13420234338470471,7.343427067030762e-78,-33.1691441284741,0.05115121938140785,11200,0.6671428571428571,0.00919642857142857,0
size_25,inf,4,-0.23410008435045623,2.691960141804853e-237,-42.73613096945809,0.04831614384269887,11199,0.6671131351013483,0.009018662380569694,0
size_25,inf,5,-0.10640158807643602,1.8452952081502402e-49,-24.815704202395352,0.051766362740547564,11199,0.6671131351013483,0.009018662380569694,0
size_25,inf,6,-0.24477290848860947,6.424338284452277e-260,-43.474743179129916,0.0484750990381824,11199,0.6672024287882846,0.009018662380569694,0
size_25,inf,7,-0.16255837357015734,8.0445799348846e-114,-26.492834969383125,0.051584595581166966,11199,0.6671131351013483,0.009107956067506027,0
size_25,inf,8,-0.2597400297232901,1.4509904445121357e-293,-46.099735850324976,0.048170814755025514,11200,0.6671428571428571,0.009017857142857143,0
size_25,inf,9,-0.2639075375432543,2.4410690543324826e-303,-35.99893996164781,0.04865713474655176,11200,0.6671428571428571,0.008928571428571428,0
size_50,0.1,0,0.4056448587988311,0.0,-23.155890522115726,0.05014925933216847,22387,0.659400544959128,0.018805556796355028,1
size_50,0.1,1,0.37698526839651714,0.0,0.3183492169710007,0.05513252774449747,22485,0.6622637313764732,0.009873248832555036,1
size_50,0.1,2,0.4210730911680477,0.0,-14.511849993628687,0.05265989644901101,22345,0.6679794137390915,0.011277690758558962,1
size_50,0.1,3,0.1038127241172504,3.7216646191086575e-47,-42.564010759858206,0.050117074511942084,22338,0.6640254275226072,0.0078789506670248,1
size_50,0.1,4,0.24039493794589392,1.6752729754905393e-250,17.35800606473265,0.054560627665411136,22217,0.6644461448440383,0.010217401089255975,0
size_50,0.1,5,0.3466174712217715,0.0,-10.769520614071666,0.05253171098523937,22329,0.6685924134533566,0.017958708406108647,1
size_50,0.1,6,0.5467467769178217,0.0,17.42474157656477,0.05947912714174349,22420,0.6734165923282783,0.016770740410347904,1
size_50,0.1,7,0.4646728559264666,0.0,4.638127453195352,0.05409499056939705,22383,0.6516105973283295,0.0034847875619890096,1
size_50,0.1,8,0.3098495842040015,0.0,-15.784646485808594,0.05130123094843706,22434,0.6561023446554337,0.013907461888205403,1
size_50,0.1,9,0.3059845072080025,0.0,-9.86548613624609,0.050228717103311685,22442,0.661171018625791,0.017912841992692274,1
size_50,0.5,0,-0.20042878873524728,3.417461636713354e-173,-27.601259850890983,0.05544903875356832,22403,0.6670088827389189,0.009418381466767843,0
size_50,0.5,1,-0.2092308212060129,6.675304712217211e-189,-23.729380651485656,0.051076949035754673,22418,0.6663395485770363,0.009947363725577661,0
size_50,0.5,2,-0.08864365526060766,8.382230286382853e-35,-22.93673462846664,0.051598797522110905,22395,0.6670685420852869,0.009421745925429784,0
size_50,0.5,3,-0.17295621005072062,8.198737365382975e-129,-54.36767852382616,0.052969297208544396,22396,0.666860153598857,0.00705483121986069,0
size_50,0.5,4,-0.09530719602724942,5.478325794263939e-40,-19.374536721807942,0.04912136006719221,22368,0.6675608011444921,0.008181330472103005,0
size_50,0.5,5,-0.12467833749811567,2.2467962447579132e-67,-41.88939484786965,0.048062335669566615,22379,0.667143303990348,0.007864515840743554,0
size_50,0.5,6,-0.14428108782663965,7.9825404786182e-90,-33.18479142025592,0.0500184418396962,22380,0.6681858802502234,0.009159964253798034,0
size_50,0.5,7,-0.08840571696684905,1.2633305370370962e-34,-50.215573964645046,0.044631003784240245,22403,0.6645092175155113,0.007365085033254475,0
size_50,0.5,8,-0.1119868848979392,1.2522448535409469e-54,-14.91306981947298,0.05157411469713104,22408,0.666146019278829,0.009416279900035702,0
size_50,0.5,9,-0.21867588750319258,1.406096432350877e-206,-41.13239613226722,0.05399072227940107,22406,0.6650450772114612,0.00932785860930108,0
size_50,1.0,0,-0.23767772039869897,9.38812629515505e-245,-19.99935897385774,0.05676109153830166,22401,0.6669791527163966,0.009240658899156288,0
size_50,1.0,1,-0.22291787616879088,8.517257333991043e-215,-25.65713075135301,0.056343609901615625,22407,0.6669344401303164,0.009059668853483286,0
size_50,1.0,2,-0.2386945034989811,6.761688965230419e-247,-26.43724393155395,0.056183449025182214,22395,0.6667113194909579,0.008885912033936147,0
size_50,1.0,3,-0.19727753164915054,9.55713238390064e-168,-34.17437943588129,0.05559950386060971,22398,0.6669791945709438,0.00794713813733369,0
size_50,1.0,4,-0.26069844477730647,8.504709897029505e-296,-29.1236250184686,0.0552339724120828,22382,0.6674113126619605,0.008667679385220266,0
size_50,1.0,5,-0.21936129415752448,6.791774596320505e-208,-18.319714133610148,0.05742495368790811,22387,0.6678429445660428,0.009469781569660964,0
size_50,1.0,6,-0.24859829992181398,2.650523295443502e-268,-22.37144337980243,0.05582404063096128,22398,0.6684078935619252,0.008706134476292525,0
size_50,1.0,7,-0.23358456973812797,3.120705198790309e-236,-32.65148893956291,0.05486446988238297,22400,0.6658035714285714,0.007142857142857143,0
size_50,1.0,8,-0.21376970626992595,2.731803383579162e-197,-22.45234400589743,0.05682862391157059,22405,0.6662352153537157,0.008703414416424905,0
size_50,1.0,9,-0.2546914137983092,5.812703877476087e-282,-37.65085494907356,0.05356798057522221,22403,0.6659822345221622,0.008972012676873633,0
size_50,2.0,0,-0.2464819312480953,1.2025740208742172e-263,-27.34223525815753,0.05658252390439516,22398,0.667023841414412,0.009152602910974195,0
size_50,2.0,1,-0.23874705598953433,5.2364942853267384e-247,-26.774186033603826,0.05628308817557682,22405,0.6669939745592501,0.009060477571970543,0
size_50,2.0,2,-0.22265836129492592,2.741785334784643e-214,-26.987375693695753,0.05656468359210301,22397,0.6668750279055231,0.008840469705764164,0
size_50,2.0,3,-0.21978951517033155,1.0173485173493836e-208,-27.580434318663436,0.05659706140958354,22397,0.6669643255793186,0.008483279010581775,0
size_50,2.0,4,-0.26576310117827395,9.511380209213455e-308,-23.665159212913636,0.05612919369755349,22391,0.6672323701487205,0.008798177839310438,0
size_50,2.0,5,-0.23331457080187595,1.1234997419406067e-235,-23.650168582057972,0.056793337674333304,22392,0.667470525187567,0.009289031797070382,0
size_50,2.0,6,-0.26509796972398714,3.654809726282701e-306,-23.135871744740257,0.055978473011395045,22398,0.6677381909099027,0.009107956067506027,0
size_50,2.0,7,-0.2346176265996037,2.2859641182268515e-238,-29.120154096430667,0.055554871384786264,22400,0.6664285714285715,0.008348214285714285,0
size_50,2.0,8,-0.24610958252131288,7.848170947680039e-263,-20.33341176783273,0.056511076402359986,22406,0.6666071587967509,0.009104704097116844,0
size_50,2.0,9,-0.2615260850240681,9.877309355992254e-298,-32.2140401923391,0.055065547600901925,22402,0.6664583519328632,0.009017052048924203,0
size_50,5.0,0,-0.25395513815484766,2.721620615485681e-280,-19.22742591262181,0.057109850175095636,22399,0.6670387070851377,0.009062904593955087,0
size_50,5.0,1,-0.2382199844473471,6.779776202156253e-246,-22.844877145776195,0.057232481013765345,22402,0.6669940183912151,0.009017052048924203,0
size_50,5.0,2,-0.25211269317900287,3.898282922352062e-276,-25.938838288647787,0.05610914252046092,22397,0.6670536232531142,0.008795820868866365,0
size_50,5.0,3,-0.2267932971190626,1.8639663051415168e-222,-25.50606121486959,0.05665735137666659,22399,0.6670833519353543,0.00883968034287245,0
size_50,5.0,4,-0.2596653309495963,2.163873937428426e-293,-23.9272232076479,0.05650052256169408,22395,0.667113194909578,0.008885912033936147,0
size_50,5.0,5,-0.2537449394349888,8.141686847071376e-280,-24.945235260502784,0.05651406393544308,22395,0.6672471533824514,0.009109176155391828,0
size_50,5.0,6,-0.26810947161845256,0.0,-16.366729492440186,0.0571513099983582,22398,0.6673363693186891,0.008884721850165193,0
size_50,5.0,7,-0.24465370216552595,1.1661415119511788e-259,-30.819161053127687,0.05526004991276368,22400,0.6667857142857143,0.008660714285714285,0
size_50,5.0,8,-0.23380646286974902,1.0877169714700249e-236,-20.556357533112475,0.05732745266761094,22402,0.6668154629050977,0.009017052048924203,0
size_50,5.0,9,-0.27024064158471284,0.0,-19.861328847192624,0.05653773455022319,22401,0.6668452301236552,0.008972813713673497,0
size_50,10.0,0,-0.24716756226292413,3.7704667303310497e-265,-21.669604181991986,0.05690740440217103,22399,0.6670387070851377,0.00901825974373856,0
size_50,10.0,1,-0.25791853488546995,2.386545705923706e-289,-16.65654210173699,0.057346609215014055,22401,0.6670237935806437,0.008972813713673497,0
size_50,10.0,2,-0.2511388148525882,5.940304445123712e-274,-24.71485984588793,0.056521368287506604,22398,0.667023841414412,0.00892936869363336,0
size_50,10.0,3,-0.23397848600501794,4.80088508854232e-237,-22.544745579069343,0.05672332454204114,22399,0.6670387070851377,0.00883968034287245,0
size_50,10.0,4,-0.26344543158329203,3.021024230446607e-302,-22.364651629652656,0.056522740346976165,22397,0.667098272090012,0.008929767379559762,0
size_50,10.0,5,-0.23128012630404787,1.6574471469833951e-231,-24.08444659509587,0.05705621038105994,22397,0.667098272090012,0.009063713890253159,0
size_50,10.0,6,-0.2761638885419919,0.0,-13.09438171855976,0.05756993485505614,22399,0.6672172864860039,0.008973614893522032,0
size_50,10.0,7,-0.22756194669896168,5.417942299282485e-224,-29.793043928270606,0.05604081027022025,22400,0.666875,0.008883928571428572,0
size_50,10.0,8,-0.24586173788585974,2.7305789868242934e-262,-29.199647591969665,0.05596740401476145,22401,0.6669345118521495,0.00901745457792063,0
size_50,10.0,9,-0.2687990567359047,0.0,-21.026939514492994,0.05683433658093,22400,0.6669196428571429,0.008973214285714286,0
size_50,inf,0,-0.2612861651174605,3.59992599120203e-297,-24.0012195131485,0.05645273635199131,22399,0.6670833519353543,0.00901825974373856,0
size_50,inf,1,-0.25314498973791855,1.8472686671748074e-278,-20.6903163620359,0.05697087576159288,22400,0.6670089285714286,0.0090625,0
size_50,inf,2,-0.259359453210686,1.1101032494200425e-292,-29.336983534227272,0.05574576605071037,22399,0.6670387070851377,0.009062904593955087,0
size_50,inf,3,-0.23233348449374236,1.1642011503090027e-233,-24.964541091729984,0.05680122331866213,22399,0.6670833519353543,0.00901825974373856,0
size_50,inf,4,-0.24901231085325784,3.2143796287554915e-269,-23.846697816367907,0.05655114787274444,22399,0.6670833519353543,0.00901825974373856,0
size_50,inf,5,-0.23873411612973683,5.5767090925415634e-247,-22.637184675722835,0.05714761250676183,22399,0.6670387070851377,0.00901825974373856,0
size_50,inf,6,-0.2571366826737584,1.5034592311149685e-287,-21.53200557536394,0.05696952795074573,22399,0.6670387070851377,0.009062904593955087,0
size_50,inf,7,-0.23997104979335201,1.3355890634029016e-249,-26.32758155689612,0.05674004586516712,22400,0.6670535714285715,0.0090625,0
size_50,inf,8,-0.2316132642086962,3.4639523305623115e-232,-24.739644105412765,0.05692693998711349,22400,0.6670535714285715,0.008973214285714286,0
size_50,inf,9,-0.2484830393327427,4.765457141456e-268,-23.502626252834773,0.05661736186969377,22400,0.6670535714285715,0.009017857142857143,0
size_75,0.1,0,0.15957578849412474,1.0605837725772838e-109,23.69103165340198,0.05374292532949369,33555,0.6631500521531813,0.012427358068842199,0
size_75,0.1,1,-0.107771878114633,1.0541639401571693e-50,-19.326037621980618,0.05047665984115231,33645,0.6656561153217417,0.008411353841581216,0
size_75,0.1,2,0.26874168430852347,0.0,-36.35471885140612,0.04838324051680724,33545,0.6664778655537338,0.01004620658816515,1
size_75,0.1,3,0.1646976918017842,7.960838594026015e-117,17.794235298808076,0.05178471036036585,33540,0.6673225998807394,0.007632677400119261,0
size_75,0.1,4,0.09833200387942582,1.821222874211844e-42,8.665316342492474,0.05126564688742913,33419,0.6653101529070289,0.011400700200484754,0
size_75,0.1,5,0.01551254859543644,0.03159706964170887,5.256908424725225,0.05143408543392424,33476,0.6684191659696499,0.016369936671047913,0
size_75,0.1,6,0.5874887607103142,0.0,11.908789797365557,0.054939642368546635,33616,0.6713172298905283,0.013416230366492147,1
size_75,0.1,7,0.38989394859710863,0.0,-20.442248625897832,0.05005466361124203,33588,0.6569012742646183,0.0041383827557461,1
size_75,0.1,8,0.4790247097963565,0.0,-6.42068044143241,0.05131511849174471,33670,0.6606177606177606,0.012206712206712206,1
size_75,0.1,9,0.5418545194699002,0.0,22.913094835127367,0.057950513531510706,33681,0.6659244084201775,0.0102728541314094,1
size_75,0.5,0,0.30956892859936763,0.0,19.457651233310912,0.060366381747405246,33603,0.6669940183912151,0.00928488527810017,0
size_75,0.5,1,0.28301174844792215,0.0,6.580455425621949,0.051961446251211296,33618,0.6660717472782438,0.009637694092450473,0
size_75,0.5,2,0.3779749662784361,0.0,10.500552298743287,0.05252406550823355,33589,0.6669743070648129,0.008484920658548929,0
size_75,0.5,3,0.3978081220893932,0.0,-7.509405495157466,0.04936301038932815,33589,0.6670040787162463,0.00860400726428295,0
size_75,0.5,4,0.3592887609589781,0.0,-5.215914021195999,0.050291414399192186,33568,0.6673915633937083,0.008460438512869399,0
size_75,0.5,5,0.3934555361211888,0.0,14.92252573680878,0.05275848093456846,33566,0.6673717452183757,0.008520526723470178,0
size_75,0.5,6,-0.26996157626202444,0.0,-26.00405409947939,0.054667402336633426,33597,0.6687501860285144,0.008601958508200136,0
size_75,0.5,7,0.3350586402452643,0.0,6.980887258354755,0.05174423744077073,33599,0.6654067085329921,0.007887139498199351,0
size_75,0.5,8,0.2584208432343883,1.6538255976916633e-290,27.009270645146103,0.06165464788526432,33610,0.6661112764058316,0.008658137459089556,0
size_75,0.5,9,0.37946695120797075,0.0,7.735278091993678,0.051776827848522465,33621,0.6669640998185657,0.009577347491151364,0
size_75,1.0,0,0.3887037258724034,0.0,15.023745328131213,0.05315366790423987,33597,0.6665476084174182,0.009286543441378695,0
size_75,1.0,1,0.34373078633450005,0.0,5.455445165295032,0.051769120810787356,33607,0.6665575624125926,0.009075490225250692,0
size_75,1.0,2,0.38499907155350777,0.0,9.648506604523618,0.052512094773527244,33593,0.6670437293483762,0.009079272467478344,0
size_75,1.0,3,0.40015690907453405,0.0,5.947940859866321,0.05151607506150447,33597,0.667023841414412,0.00892936869363336,0
size_75,1.0,4,0.38142729502500794,0.0,4.6638497997576,0.05180108836783672,33582,0.6672622238103746,0.008903579298433684,0
size_75,1.0,5,0.395992475837529,0.0,13.441173734501035,0.05262562962991115,33584,0.6672224868985231,0.00872439256788947,0
size_75,1.0,6,0.36808546774295686,0.0,13.05100457395622,0.053061496869352485,33593,0.6677581639031941,0.0089304319352246,0
size_75,1.0,7,0.2707274866442786,0.0,24.010544098299192,0.06095319803830582,33601,0.666259932740097,0.008124758191720484,0
size_75,1.0,8,0.30345916229728537,0.0,34.11028932949455,0.062265138172623205,33610,0.6665278191014579,0.009401963701279381,0
size_75,1.0,9,0.37607233549599905,0.0,10.110833419976188,0.05249162113899104,33606,0.6670535023507707,0.009373326191751474,0
size_75,2.0,0,0.3832485311106627,0.0,15.102638447966342,0.053262996071839305,33597,0.6668154894782272,0.009137720629818139,0
size_75,2.0,1,0.36006438741909474,0.0,6.8710560280300115,0.05190504252522921,33604,0.6667956195690989,0.009076300440423759,0
size_75,2.0,2,0.3824149637120134,0.0,9.239857129344273,0.05221478329905976,33595,0.6670635511236791,0.008751302277124572,0
size_75,2.0,3,0.392201006035361,0.0,9.51229636671087,0.0524862022689585,33597,0.6670536059767241,0.008542429383575915,0
size_75,2.0,4,0.3779849907046919,0.0,9.438281299469509,0.05229632720133602,33590,0.6671628460851444,0.008812146472164335,0
size_75,2.0,5,0.38729719346998853,0.0,12.798940587039283,0.0526380743077269,33593,0.6671628017741792,0.009049504361027595,0
size_75,2.0,6,0.37862348302353027,0.0,13.087195971854271,0.052628321886785366,33596,0.667460411953804,0.008899869032027623,0
size_75,2.0,7,0.380782184786132,0.0,9.847700006019522,0.05237639168544448,33599,0.666626982945921,0.00872049763385815,0
size_75,2.0,8,0.37867160648599846,0.0,13.535845478303258,0.052929450012391514,33604,0.6667956195690989,0.00901678371622426,0
size_75,2.0,9,0.37431448562745684,0.0,9.592408999694385,0.052541573804568545,33603,0.6670535368865875,0.009136089039669077,0
size_75,5.0,0,0.3823742697349721,0.0,11.872898587319241,0.052547248735728476,33599,0.6669543736420727,0.009107413911128308,0
size_75,5.0,1,0.3708745782987822,0.0,8.488186748113549,0.052412041083411964,33601,0.666974197196512,0.00901758876223922,0
size_75,5.0,2,0.3771757912282435,0.0,8.491845287558931,0.05188599531383948,33596,0.6670734611263246,0.008899869032027623,0
size_75,5.0,3,0.3806719115095015,0.0,9.783347235262,0.05266282213985976,33598,0.6670635156854575,0.008810048217155784,0
size_75,5.0,4,0.3800858573503232,0.0,11.015674652653843,0.052665669171890986,33595,0.667123083792231,0.008900133948504241,0
size_75,5.0,5,0.38572121353513145,0.0,13.400986085824115,0.052737963390856374,33596,0.6671032265745922,0.009048696273365877,0
size_75,5.0,6,0.38393648832471866,0.0,11.65796408533788,0.05250236481330023,33598,0.6672420977439133,0.008958866599202333,0
size_75,5.0,7,0.3779345377657425,0.0,10.887231775509463,0.05268895979871592,33599,0.6668650852703949,0.00892883716777285,0
size_75,5.0,8,0.38268780049243956,0.0,9.616986880071181,0.05205375245009546,33602,0.6669543479554788,0.008957800130944587,0
size_75,5.0,9,0.3731936435614205,0.0,11.18135958517803,0.05249247213030532,33601,0.6670634802535639,0.00904734978125651,0
size_75,10.0,0,0.3800544914398804,0.0,12.17693259610121,0.05274778723741213,33599,0.6670138992231912,0.009047888330009822,0
size_75,10.0,1,0.37651314847106304,0.0,9.416817868056569,0.05224304657241436,33600,0.6670238095238096,0.009047619047619047,0
size_75,10.0,2,0.3747860050643744,0.0,9.168562514511109,0.052082272271018824,33598,0.6670635156854575,0.008958866599202333,0
size_75,10.0,3,0.3806950652879692,0.0,10.337494009923489,0.05254262242496502,33599,0.6670734248043096,0.008899074377213607,0
size_75,10.0,4,0.386628367482438,0.0,10.994886643907762,0.052535338187835456,33597,0.6671131351013483,0.00895913325594547,0
size_75,10.0,5,0.3857315041089906,0.0,12.978152734641071,0.05286362536627765,33597,0.6670833705390362,0.009048426942881806,0
size_75,10.0,6,0.380832193724147,0.0,10.653254106671625,0.052411327819879505,33599,0.6671627131759874,0.009018125539450578,0
size_75,10.0,7,0.3796729922031313,0.0,11.169014359767402,0.05245596724998393,33599,0.6669543736420727,0.00892883716777285,0
size_75,10.0,8,0.3758263512387365,0.0,8.491451291003159,0.051913563304904035,33601,0.6670337192345466,0.00901758876223922,0
size_75,10.0,9,0.37519012520794015,0.0,9.721865010838883,0.052195787009900525,33600,0.6670833333333334,0.009047619047619047,0
size_75,inf,0,0.37797676802718166,0.0,11.600815823026892,0.05278344050483021,33599,0.6670734248043096,0.009018125539450578,0
size_75,inf,1,0.37746221436232447,0.0,9.931002134929827,0.05244175074776692,33600,0.6670833333333334,0.008988095238095238,0
size_75,inf,2,0.37453053716674445,0.0,8.524246813826494,0.05183703066682291,33599,0.6670734248043096,0.009018125539450578,0
size_75,inf,3,0.3738546455944113,0.0,10.270083075424623,0.053023390493548546,33599,0.6670734248043096,0.009018125539450578,0
size_75,inf,4,0.38527224996688425,0.0,13.531905512746789,0.053028888286082536,33599,0.6671031875948689,0.008988362748891336,0
size_75,inf,5,0.3816724527513768,0.0,11.35668805244552,0.05289672177335239,33599,0.6671031875948689,0.009018125539450578,0
size_75,inf,6,0.3800303139408814,0.0,9.224922783710895,0.05220425786089972,33599,0.6670734248043096,0.008958599958332094,0
size_75,inf,7,0.3759672588895026,0.0,12.476970354104537,0.05269220089990966,33599,0.6671031875948689,0.009018125539450578,0
size_75,inf,8,0.38260929697107743,0.0,9.09299022278799,0.05229136025836564,33600,0.6670833333333334,0.009017857142857143,0
size_75,inf,9,0.3786396325491655,0.0,10.489088875147672,0.052251440581911,33600,0.6670833333333334,0.009017857142857143,0
size_100,0.1,0,0.10810391180512166,5.239027113803498e-51,6.996253124025316,0.05277097904016757,44722,0.6642368409284022,0.011247260855954564,0
size_100,0.1,1,-0.07941239517180528,3.0472049468879126e-28,-23.67709168002773,0.05164602489992152,44807,0.6657888276385386,0.008860222733055104,0
size_100,0.1,2,0.06075516602247555,3.585438160998823e-17,-12.662861681411528,0.04786742510568197,44725,0.6690217998882056,0.009189491335941867,0
size_100,0.1,3,0.12179764411084062,2.329350090038631e-64,23.2568849725493,0.052758634564480704,44744,0.6672626497407473,0.006861255140354014,0
size_100,0.1,4,0.045114281807977254,4.0008290763492464e-10,-3.122047468767505,0.04849736989433471,44667,0.6704278326281147,0.00830590816486444,0
size_100,0.1,5,0.0886628836823598,8.108513490251123e-35,3.615424965154034,0.04944346076755966,44668,0.6681069221814274,0.012514551804423749,0
size_100,0.1,6,-0.09490858042749223,1.1466299037393242e-39,-14.360949312812124,0.053130220986369214,44845,0.6686587133459695,0.012264466495707437,0
size_100,0.1,7,0.35825448841941077,0.0,-5.7847700006018385,0.05421625211537871,44835,0.6608676257388201,0.004728448756551801,1
size_100,0.1,8,0.524367619586818,0.0,-3.0523476018977362,0.05278773135744982,44867,0.6622239062116924,0.01152294559475784,1
size_100,0.1,9,0.09899301630875446,5.109578790141545e-43,19.274517881893303,0.052534461792143265,44862,0.6665552137666622,0.012727921180509116,0
size_100,0.5,0,0.3598354180350856,0.0,11.235806156821695,0.05281248867810859,44798,0.6663243894816733,0.009643287646769945,0
size_100,0.5,1,0.3323785951191396,0.0,1.6498136724624146,0.051733220765487496,44817,0.6663319722426758,0.008880558716558448,0
size_100,0.5,2,0.3716903547592644,0.0,6.681337305610896,0.052214624730830383,44789,0.6670164549331309,0.008618187501395431,0
size_100,0.5,3,0.4118858028968045,0.0,4.887996316444855,0.05178129197559436,44789,0.6670611087543816,0.008685168233271562,0
size_100,0.5,4,0.367875678649318,0.0,-6.552725572799886,0.05032578855961495,44766,0.6673368181208953,0.008845999195818254,0
size_100,0.5,5,0.3986429807464247,0.0,9.986518125795897,0.052411277446752454,44766,0.6672921413572801,0.008622615377742036,0
size_100,0.5,6,0.37599827074971237,0.0,16.182076440022342,0.053755645152107734,44791,0.6680136634591771,0.009108972784711214,0
size_100,0.5,7,0.3403151590033561,0.0,5.276420635100635,0.0523221173260066,44795,0.6658332403169996,0.008058935149012167,0
size_100,0.5,8,0.37374017115463354,0.0,8.102051361828785,0.05213751387765531,44815,0.6663170813343746,0.008992524824277585,0
size_100,0.5,9,0.3806426593125363,0.0,12.34286143125496,0.05297055296320923,44815,0.6670088140131653,0.009037152739038268,0
size_100,1.0,0,0.38516257946930776,0.0,16.96352170381647,0.05348175574133511,44797,0.6666964305645467,0.00921936736835056,0
size_100,1.0,1,0.3393756912240755,0.0,3.1388392267349445,0.05192606355062208,44807,0.666681545294262,0.00903876626419979,0
size_100,1.0,2,0.3779041849455249,0.0,11.848921082646257,0.05253999774921733,44790,0.6670685420852869,0.008640321500334896,0
size_100,1.0,3,0.4046426289455254,0.0,8.514246806009169,0.05238093855097157,44795,0.6670610559214198,0.008416117870298024,0
size_100,1.0,4,0.37340345738450853,0.0,5.87598958410706,0.05186903587237481,44784,0.6672025723472669,0.008730796713111826,0
size_100,1.0,5,0.4003845749829383,0.0,8.794941209303715,0.05238823956776839,44787,0.6671802085426575,0.009065130506620224,0
size_100,1.0,6,0.3791271929469609,0.0,12.284962699314292,0.05305998958797845,44793,0.6676043131739334,0.00884066706851517,0
size_100,1.0,7,0.3472614801812661,0.0,11.219126969298827,0.0529365348466683,44799,0.666398803544722,0.008593941829058684,0
size_100,1.0,8,0.376221488693845,0.0,8.312089049475617,0.05223098325714914,44808,0.6666666666666666,0.008971612212104981,0
size_100,1.0,9,0.3777279422602391,0.0,12.530628932636887,0.05310167969675567,44807,0.6670609502979445,0.009194991853951392,0
size_100,2.0,0,0.38613902243085363,0.0,12.992974509829992,0.05297871384106072,44797,0.6668750139518271,0.00910775275130031,0
size_100,2.0,1,0.3528233197061704,0.0,4.6051630747055015,0.05166662306248601,44804,0.6668824212123917,0.009039371484688866,0
size_100,2.0,2,0.3833194643314918,0.0,9.029781918216031,0.05262572612319107,44792,0.6671057331666369,0.008729237363814967,0
size_100,2.0,3,0.3964887117265811,0.0,8.503590137265519,0.05226987029305735,44797,0.6670535973391075,0.008683617206509365,0
size_100,2.0,4,0.37557589092403243,0.0,8.831395271572319,0.05232304310038712,44790,0.6671801741460147,0.008863585621790578,0
size_100,2.0,5,0.3911224691600118,0.0,6.914132984781986,0.05205075690394668,44791,0.6671429528253444,0.009019669129959143,0
size_100,2.0,6,0.3792548765900132,0.0,13.553312658937557,0.05277609218934307,44796,0.6673363693186891,0.008951692115367444,0
size_100,2.0,7,0.3865771249948707,0.0,9.824791920569169,0.05252072155554056,44799,0.6667336324471529,0.008772517243688474,0
size_100,2.0,8,0.38077406406631337,0.0,10.388788609122003,0.05241117801095471,44804,0.6669047406481564,0.008972413177394875,0
size_100,2.0,9,0.3820823357772334,0.0,11.929821708741201,0.05265258140170737,44803,0.6670535455215053,0.009106533044662187,0
size_100,5.0,0,0.3865013981739244,0.0,9.934341724782485,0.05267607154766649,44799,0.6670014955690975,0.009062702292461885,0
size_100,5.0,1,0.37395664891833863,0.0,9.786442922485207,0.05230555165837133,44801,0.6670163612419365,0.009017655855896074,0
size_100,5.0,2,0.3856230263639874,0.0,11.158714164098228,0.052921520461251745,44796,0.6671131351013483,0.008907045271899276,0
size_100,5.0,3,0.3922865079569531,0.0,11.541660054455974,0.052478451448990646,44798,0.6670833519353543,0.008884325193088977,0
size_100,5.0,4,0.37461294048122434,0.0,10.335692882811827,0.05231856335253024,44795,0.6671503516017413,0.008951891952226811,0
size_100,5.0,5,0.3876990647120818,0.0,11.122316387051569,0.05259615962629398,44796,0.6670908116796143,0.008996338958835611,0
size_100,5.0,6,0.3824025138143898,0.0,14.316934269023022,0.05294835206095241,44798,0.6672172864860039,0.009040582168846824,0
size_100,5.0,7,0.38537794066430114,0.0,11.393948869566202,0.05278476962400903,44799,0.6669345297886113,0.008906448804660818,0
size_100,5.0,8,0.381031609736135,0.0,10.58349795457957,0.052438742416762746,44802,0.6670014731485202,0.00901745457792063,0
size_100,5.0,9,0.38305739779248643,0.0,10.738357362693478,0.05240498335217964,44801,0.6670833240329457,0.00903997678623245,0
size_100,10.0,0,0.3876518131195264,0.0,10.47524271047746,0.05253863038283812,44799,0.6670684613495836,0.009018058438804438,0
size_100,10.0,1,0.3824413593846269,0.0,10.598132112360986,0.0523259316728395,44800,0.66703125,0.009040178571428572,0
size_100,10.0,2,0.3896317167390393,0.0,10.477043837589122,0.05255795011096878,44798,0.6670833519353543,0.008973614893522032,0
size_100,10.0,3,0.3866974713716743,0.0,11.561434929201823,0.052523643231280816,44799,0.6670907832764125,0.008951092658318265,0
size_100,10.0,4,0.3795342380794761,0.0,10.654098385005113,0.052520535092898626,44797,0.6671205661093377,0.008973815210840012,0
size_100,10.0,5,0.38812441702909073,0.0,11.410177775311126,0.05294202750671973,44797,0.6671205661093377,0.008973815210840012,0
size_100,10.0,6,0.3814140822223491,0.0,13.86875380609274,0.05295827854272156,44799,0.6671577490568986,0.009018058438804438,0
size_100,10.0,7,0.3842920813424012,0.0,11.595412441692247,0.052704569853157884,44799,0.6670238174959262,0.00897341458514699,0
size_100,10.0,8,0.3833459426627895,0.0,10.239895434564914,0.05245840264138932,44801,0.6670386821722729,0.009017655855896074,0
size_100,10.0,9,0.3855889808619086,0.0,11.953836736895596,0.05254807688090799,44800,0.6670758928571429,0.009017857142857143,0
size_100,inf,0,0.3851427851880469,0.0,7.424996423543234,0.05193683272230851,44799,0.6670907832764125,0.009018058438804438,0
size_100,inf,1,0.3849510334861376,0.0,11.614680749437866,0.052655003022727825,44800,0.6670982142857143,0.009017857142857143,0
size_100,inf,2,0.38603853814038874,0.0,11.52886454726763,0.05257317890479,44799,0.6671131052032412,0.009018058438804438,0
size_100,inf,3,0.38235949528607305,0.0,12.600910413469933,0.05267842345032378,44799,0.6670907832764125,0.009018058438804438,0
size_100,inf,4,0.37891485562819627,0.0,10.126780899609912,0.0521174245617517,44799,0.6670907832764125,0.009018058438804438,0
size_100,inf,5,0.3860572156037105,0.0,13.230066627631913,0.05313653234224895,44799,0.6670907832764125,0.00897341458514699,0
size_100,inf,6,0.3841270576415705,0.0,11.883836682173865,0.052669974001979675,44799,0.6670907832764125,0.008995736511975714,0
size_100,inf,7,0.3852657670110456,0.0,10.527081400157499,0.05240243481499886,44799,0.6671131052032412,0.008995736511975714,0
size_100,inf,8,0.38328312062841186,0.0,11.456106516656291,0.05273332314973496,44800,0.6670982142857143,0.009017857142857143,0
size_100,inf,9,0.3828745556011591,0.0,9.34479154533426,0.051989631032655914,44800,0.6670758928571429,0.009017857142857143,0
imbalance_baseline,0.1,0,0.10810391180512166,5.239027113803498e-51,6.996253124025316,0.05277097904016757,44722,0.6642368409284022,0.011247260855954564,0
imbalance_baseline,0.1,1,-0.07941239517180528,3.0472049468879126e-28,-23.67709168002773,0.05164602489992152,44807,0.6657888276385386,0.008860222733055104,0
imbalance_baseline,0.1,2,0.06075516602247555,3.585438160998823e-17,-12.662861681411528,0.04786742510568197,44725,0.6690217998882056,0.009189491335941867,0
imbalance_baseline,0.1,3,0.12179764411084062,2.329350090038631e-64,23.2568849725493,0.052758634564480704,44744,0.6672626497407473,0.006861255140354014,0
imbalance_baseline,0.1,4,0.045114281807977254,4.0008290763492464e-10,-3.122047468767505,0.04849736989433471,44667,0.6704278326281147,0.00830590816486444,0
imbalance_baseline,0.1,5,0.0886628836823598,8.108513490251123e-35,3.615424965154034,0.04944346076755966,44668,0.6681069221814274,0.012514551804423749,0
imbalance_baseline,0.1,6,-0.09490858042749223,1.1466299037393242e-39,-14.360949312812124,0.053130220986369214,44845,0.6686587133459695,0.012264466495707437,0
imbalance_baseline,0.1,7,0.35825448841941077,0.0,-5.7847700006018385,0.05421625211537871,44835,0.6608676257388201,0.004728448756551801,1
imbalance_baseline,0.1,8,0.524367619586818,0.0,-3.0523476018977362,0.05278773135744982,44867,0.6622239062116924,0.01152294559475784,1
imbalance_baseline,0.1,9,0.09899301630875446,5.109578790141545e-43,19.274517881893303,0.052534461792143265,44862,0.6665552137666622,0.012727921180509116,0
imbalance_baseline,0.5,0,0.3598354180350856,0.0,11.235806156821695,0.05281248867810859,44798,0.6663243894816733,0.009643287646769945,0
imbalance_baseline,0.5,1,0.3323785951191396,0.0,1.6498136724624146,0.051733220765487496,44817,0.6663319722426758,0.008880558716558448,0
imbalance_baseline,0.5,2,0.3716903547592644,0.0,6.681337305610896,0.052214624730830383,44789,0.6670164549331309,0.008618187501395431,0
imbalance_baseline,0.5,3,0.4118858028968045,0.0,4.887996316444855,0.05178129197559436,44789,0.6670611087543816,0.008685168233271562,0
imbalance_baseline,0.5,4,0.367875678649318,0.0,-6.552725572799886,0.05032578855961495,44766,0.6673368181208953,0.008845999195818254,0
imbalance_baseline,0.5,5,0.3986429807464247,0.0,9.986518125795897,0.052411277446752454,44766,0.6672921413572801,0.008622615377742036,0
imbalance_baseline,0.5,6,0.37599827074971237,0.0,16.182076440022342,0.053755645152107734,44791,0.6680136634591771,0.009108972784711214,0
imbalance_baseline,0.5,7,0.3403151590033561,0.0,5.276420635100635,0.0523221173260066,44795,0.6658332403169996,0.008058935149012167,0
imbalance_baseline,0.5,8,0.37374017115463354,0.0,8.102051361828785,0.05213751387765531,44815,0.6663170813343746,0.008992524824277585,0
imbalance_baseline,0.5,9,0.3806426593125363,0.0,12.34286143125496,0.05297055296320923,44815,0.6670088140131653,0.009037152739038268,0
imbalance_baseline,1.0,0,0.38516257946930776,0.0,16.96352170381647,0.05348175574133511,44797,0.6666964305645467,0.00921936736835056,0
imbalance_baseline,1.0,1,0.3393756912240755,0.0,3.1388392267349445,0.05192606355062208,44807,0.666681545294262,0.00903876626419979,0
imbalance_baseline,1.0,2,0.3779041849455249,0.0,11.848921082646257,0.05253999774921733,44790,0.6670685420852869,0.008640321500334896,0
imbalance_baseline,1.0,3,0.4046426289455254,0.0,8.514246806009169,0.05238093855097157,44795,0.6670610559214198,0.008416117870298024,0
imbalance_baseline,1.0,4,0.37340345738450853,0.0,5.87598958410706,0.05186903587237481,44784,0.6672025723472669,0.008730796713111826,0
imbalance_baseline,1.0,5,0.4003845749829383,0.0,8.794941209303715,0.05238823956776839,44787,0.6671802085426575,0.009065130506620224,0
imbalance_baseline,1.0,6,0.3791271929469609,0.0,12.284962699314292,0.05305998958797845,44793,0.6676043131739334,0.00884066706851517,0
imbalance_baseline,1.0,7,0.3472614801812661,0.0,11.219126969298827,0.0529365348466683,44799,0.666398803544722,0.008593941829058684,0
imbalance_baseline,1.0,8,0.376221488693845,0.0,8.312089049475617,0.05223098325714914,44808,0.6666666666666666,0.008971612212104981,0
imbalance_baseline,1.0,9,0.3777279422602391,0.0,12.530628932636887,0.05310167969675567,44807,0.6670609502979445,0.009194991853951392,0
imbalance_baseline,2.0,0,0.38613902243085363,0.0,12.992974509829992,0.05297871384106072,44797,0.6668750139518271,0.00910775275130031,0
imbalance_baseline,2.0,1,0.3528233197061704,0.0,4.6051630747055015,0.05166662306248601,44804,0.6668824212123917,0.009039371484688866,0
imbalance_baseline,2.0,2,0.3833194643314918,0.0,9.029781918216031,0.05262572612319107,44792,0.6671057331666369,0.008729237363814967,0
imbalance_baseline,2.0,3,0.3964887117265811,0.0,8.503590137265519,0.05226987029305735,44797,0.6670535973391075,0.008683617206509365,0
imbalance_baseline,2.0,4,0.37557589092403243,0.0,8.831395271572319,0.05232304310038712,44790,0.6671801741460147,0.008863585621790578,0
imbalance_baseline,2.0,5,0.3911224691600118,0.0,6.914132984781986,0.05205075690394668,44791,0.6671429528253444,0.009019669129959143,0
imbalance_baseline,2.0,6,0.3792548765900132,0.0,13.553312658937557,0.05277609218934307,44796,0.6673363693186891,0.008951692115367444,0
imbalance_baseline,2.0,7,0.3865771249948707,0.0,9.824791920569169,0.05252072155554056,44799,0.6667336324471529,0.008772517243688474,0
imbalance_baseline,2.0,8,0.38077406406631337,0.0,10.388788609122003,0.05241117801095471,44804,0.6669047406481564,0.008972413177394875,0
imbalance_baseline,2.0,9,0.3820823357772334,0.0,11.929821708741201,0.05265258140170737,44803,0.6670535455215053,0.009106533044662187,0
imbalance_baseline,5.0,0,0.3865013981739244,0.0,9.934341724782485,0.05267607154766649,44799,0.6670014955690975,0.009062702292461885,0
imbalance_baseline,5.0,1,0.37395664891833863,0.0,9.786442922485207,0.05230555165837133,44801,0.6670163612419365,0.009017655855896074,0
imbalance_baseline,5.0,2,0.3856230263639874,0.0,11.158714164098228,0.052921520461251745,44796,0.6671131351013483,0.008907045271899276,0
imbalance_baseline,5.0,3,0.3922865079569531,0.0,11.541660054455974,0.052478451448990646,44798,0.6670833519353543,0.008884325193088977,0
imbalance_baseline,5.0,4,0.37461294048122434,0.0,10.335692882811827,0.05231856335253024,44795,0.6671503516017413,0.008951891952226811,0
imbalance_baseline,5.0,5,0.3876990647120818,0.0,11.122316387051569,0.05259615962629398,44796,0.6670908116796143,0.008996338958835611,0
imbalance_baseline,5.0,6,0.3824025138143898,0.0,14.316934269023022,0.05294835206095241,44798,0.6672172864860039,0.009040582168846824,0
imbalance_baseline,5.0,7,0.38537794066430114,0.0,11.393948869566202,0.05278476962400903,44799,0.6669345297886113,0.008906448804660818,0
imbalance_baseline,5.0,8,0.381031609736135,0.0,10.58349795457957,0.052438742416762746,44802,0.6670014731485202,0.00901745457792063,0
imbalance_baseline,5.0,9,0.38305739779248643,0.0,10.738357362693478,0.05240498335217964,44801,0.6670833240329457,0.00903997678623245,0
imbalance_baseline,10.0,0,0.3876518131195264,0.0,10.47524271047746,0.05253863038283812,44799,0.6670684613495836,0.009018058438804438,0
imbalance_baseline,10.0,1,0.3824413593846269,0.0,10.598132112360986,0.0523259316728395,44800,0.66703125,0.009040178571428572,0
imbalance_baseline,10.0,2,0.3896317167390393,0.0,10.477043837589122,0.05255795011096878,44798,0.6670833519353543,0.008973614893522032,0
imbalance_baseline,10.0,3,0.3866974713716743,0.0,11.561434929201823,0.052523643231280816,44799,0.6670907832764125,0.008951092658318265,0
imbalance_baseline,10.0,4,0.3795342380794761,0.0,10.654098385005113,0.052520535092898626,44797,0.6671205661093377,0.008973815210840012,0
imbalance_baseline,10.0,5,0.38812441702909073,0.0,11.410177775311126,0.05294202750671973,44797,0.6671205661093377,0.008973815210840012,0
imbalance_baseline,10.0,6,0.3814140822223491,0.0,13.86875380609274,0.05295827854272156,44799,0.6671577490568986,0.009018058438804438,0
imbalance_baseline,10.0,7,0.3842920813424012,0.0,11.595412441692247,0.052704569853157884,44799,0.6670238174959262,0.00897341458514699,0
imbalance_baseline,10.0,8,0.3833459426627895,0.0,10.239895434564914,0.05245840264138932,44801,0.6670386821722729,0.009017655855896074,0
imbalance_baseline,10.0,9,0.3855889808619086,0.0,11.953836736895596,0.05254807688090799,44800,0.6670758928571429,0.009017857142857143,0
imbalance_baseline,inf,0,0.3851427851880469,0.0,7.424996423543234,0.05193683272230851,44799,0.6670907832764125,0.009018058438804438,0
imbalance_baseline,inf,1,0.3849510334861376,0.0,11.614680749437866,0.052655003022727825,44800,0.6670982142857143,0.009017857142857143,0
imbalance_baseline,inf,2,0.38603853814038874,0.0,11.52886454726763,0.05257317890479,44799,0.6671131052032412,0.009018058438804438,0
imbalance_baseline,inf,3,0.38235949528607305,0.0,12.600910413469933,0.05267842345032378,44799,0.6670907832764125,0.009018058438804438,0
imbalance_baseline,inf,4,0.37891485562819627,0.0,10.126780899609912,0.0521174245617517,44799,0.6670907832764125,0.009018058438804438,0
imbalance_baseline,inf,5,0.3860572156037105,0.0,13.230066627631913,0.05313653234224895,44799,0.6670907832764125,0.00897341458514699,0
imbalance_baseline,inf,6,0.3841270576415705,0.0,11.883836682173865,0.052669974001979675,44799,0.6670907832764125,0.008995736511975714,0
imbalance_baseline,inf,7,0.3852657670110456,0.0,10.527081400157499,0.05240243481499886,44799,0.6671131052032412,0.008995736511975714,0
imbalance_baseline,inf,8,0.38328312062841186,0.0,11.456106516656291,0.05273332314973496,44800,0.6670982142857143,0.009017857142857143,0
imbalance_baseline,inf,9,0.3828745556011591,0.0,9.34479154533426,0.051989631032655914,44800,0.6670758928571429,0.009017857142857143,0
imbalance_20,0.1,0,0.10430253225684849,1.377552228000996e-47,-1.7887443626831327,0.05012172569867529,44783,0.6638679856195431,0.014112498046133577,0
imbalance_20,0.1,1,0.07912832567738329,4.724638647118546e-28,-3.1725165513730644,0.050224188002446234,44863,0.6658939437844104,0.009562445667922342,0
imbalance_20,0.1,2,-0.038851105340032485,7.242469625545591e-08,-7.120136898168312,0.04927547158743589,44686,0.664816721120709,0.009779349236897463,0
imbalance_20,0.1,3,0.07846617710059066,1.305253296255837e-27,-0.5190247959856151,0.05070952098274373,44689,0.6685761596813533,0.007697643715455705,0
imbalance_20,0.1,4,0.13105863282930155,2.5987312907058657e-74,13.307440046466581,0.05040667884382968,44643,0.6701834554129427,0.008803171829850144,0
imbalance_20,0.1,5,-0.09220836273548808,1.5729925007534772e-37,-5.624432164190239,0.0467316976870292,44603,0.6694392753850638,0.012061968925857005,0
imbalance_20,0.1,6,0.39025067494785187,0.0,-16.884422204832845,0.051933349672491594,44845,0.669862860965548,0.011327907236035233,1
imbalance_20,0.1,7,0.2476002765281592,4.216438643895563e-266,-33.20075766163035,0.048503965762417514,44786,0.6590675657571563,0.005961684454963605,1
imbalance_20,0.1,8,0.16783243364410702,2.6528491060049668e-121,-44.07108510872814,0.04697867331855492,44848,0.6608098465929362,0.011839992864787728,1
imbalance_20,0.1,9,0.07290530909921017,4.746961938094054e-24,4.839403407913892,0.05004922695945593,44883,0.6657086201902724,0.011897600427778892,0
imbalance_20,0.5,0,0.3670451637659937,0.0,36.698696606235785,0.06021421701489281,44798,0.6667038707085138,0.010692441626858342,0
imbalance_20,0.5,1,0.12503984599808476,9.290001164847752e-68,6.773532499634598,0.052121529200742416,44808,0.6662872701303338,0.009775040171397964,0
imbalance_20,0.5,2,0.36378301004855135,0.0,36.3145874879516,0.05955343129151149,44790,0.6666220138423755,0.00971198928332217,0
imbalance_20,0.5,3,0.46626229336956326,0.0,45.11510093425659,0.06295978196068422,44790,0.6665327081937933,0.009890600580486715,0
imbalance_20,0.5,4,0.40055594030739733,0.0,39.84325816389787,0.061442121983308166,44761,0.6670092267822435,0.009249123120573714,0
imbalance_20,0.5,5,0.07074851499338268,9.716960231435638e-23,-1.9551797648372258,0.050747887732970336,44777,0.666547557898028,0.009580811577372311,0
imbalance_20,0.5,6,0.06586933847128756,6.453491726433087e-20,-1.951014658391614,0.05232082325756293,44792,0.6672173602429006,0.009555277728165744,0
imbalance_20,0.5,7,0.44331029270178535,0.0,45.90401337086712,0.06236151116506581,44799,0.6663764816178932,0.008727873390031027,0
imbalance_20,0.5,8,0.0876459270368182,4.647277427652602e-34,-1.9568307980227928,0.052450987167039234,44809,0.6659599634002098,0.009529335624539713,0
imbalance_20,0.5,9,0.04846129483737012,1.835995521924905e-11,-7.76664772252002,0.051363096264212905,44809,0.6670534937177799,0.010087259255953045,0
imbalance_20,1.0,0,0.4424190706199314,0.0,43.69207918392681,0.06134027763834541,44801,0.6667261891475637,0.010200665163724023,0
imbalance_20,1.0,1,0.11251845995495373,3.90652476175343e-55,11.727026053022428,0.05305355315836466,44810,0.6665030127203749,0.009618388752510601,0
imbalance_20,1.0,2,0.42928678365692174,0.0,43.27335465396709,0.06153368013234266,44793,0.666711316500346,0.009421114906346974,0
imbalance_20,1.0,3,0.4837408824046287,0.0,48.10718582487959,0.06312302548492439,44796,0.6666220198231985,0.009621394767389945,0
imbalance_20,1.0,4,0.42664668042977827,0.0,44.21660116995099,0.06122275381676886,44782,0.6668750837390023,0.009535081059354205,0
imbalance_20,1.0,5,0.07218972940738368,1.3053960044582003e-23,-1.2145975723869924,0.05151677937132599,44788,0.6666294543181209,0.009533803697418951,0
imbalance_20,1.0,6,0.4494057149959046,0.0,41.720520419418904,0.06178921288142373,44794,0.6666517837210341,0.00975577086216904,0
imbalance_20,1.0,7,0.4199376564957751,0.0,41.75982626628081,0.061553547482057006,44799,0.666555057032523,0.009018058438804438,0
imbalance_20,1.0,8,0.0692238579820767,7.777529307560826e-22,-7.36463990356458,0.051360055500328496,44807,0.6663467761733658,0.009953801861316312,0
imbalance_20,1.0,9,0.4404544544065224,0.0,46.83360133958843,0.061701853924526415,44799,0.6665773789593518,0.009732360097323601,0
imbalance_20,2.0,0,0.4080678597817928,0.0,39.823483289152136,0.06088906178560704,44800,0.6667410714285714,0.01,0
imbalance_20,2.0,1,0.4460572739874716,0.0,41.3297133596883,0.06147913865780761,44806,0.6666294692675088,0.009775476498683213,0
imbalance_20,2.0,2,0.43524270863843206,0.0,48.151125821705705,0.062495120085472075,44793,0.6667336414171857,0.009555064407385083,0
imbalance_20,2.0,3,0.4797058692669617,0.0,49.13289019144008,0.0627818921946617,44798,0.6667038707085138,0.009687932496986473,0
imbalance_20,2.0,4,0.39846647594694834,0.0,47.54198838491902,0.061163646841540686,44789,0.6668378396481279,0.00960057156891201,0
imbalance_20,2.0,5,0.47823606347109604,0.0,51.30656918900024,0.0626075781182142,44793,0.6668229410845444,0.00977831357578193,0
imbalance_20,2.0,6,0.4773024677831248,0.0,52.18202953567038,0.06260291217997341,44796,0.6667113135101348,0.009710688454326278,0
imbalance_20,2.0,7,0.38268740566048626,0.0,45.235476262880184,0.061677536820790496,44799,0.6666443447398379,0.009352887341235296,0
imbalance_20,2.0,8,0.06784957572643745,4.8795609613528055e-21,-7.979593479982327,0.05016646134577479,44803,0.6665401870410463,0.009820770930518046,0
imbalance_20,2.0,9,0.4290615770452824,0.0,40.09367111762924,0.06117334528413869,44799,0.6666666666666666,0.009732360097323601,0
imbalance_20,5.0,0,0.390697354843183,0.0,38.86746002772054,0.06083180533314855,44800,0.6667633928571428,0.00984375,0
imbalance_20,5.0,1,0.4725360851951974,0.0,45.184613183718966,0.061764913418791485,44802,0.6667336279630374,0.009754028837998304,0
imbalance_20,5.0,2,0.44206100579495294,0.0,38.27451397319737,0.06097478322152478,44797,0.6667633993347769,0.009643502913141505,0
imbalance_20,5.0,3,0.4658119458642959,0.0,46.47401381645864,0.06217954807768864,44799,0.6667336324471529,0.009710038170494878,0
imbalance_20,5.0,4,0.3775832731883558,0.0,38.90747882073083,0.06060303025877614,44795,0.6668154928005358,0.009666257394798526,0
imbalance_20,5.0,5,0.4531440127403805,0.0,45.91849743472301,0.06225710333346053,44797,0.6667633993347769,0.009710471683371654,0
imbalance_20,5.0,6,0.40816522903818603,0.0,38.330123772767365,0.061346857653584455,44798,0.666726193133622,0.009732577347203,0
imbalance_20,5.0,7,0.46462411300028034,0.0,51.69488093721145,0.0627078199804947,44799,0.6667113105203241,0.00955378468269381,0
imbalance_20,5.0,8,0.3877807664127866,0.0,33.55077669697994,0.060745737995647774,44802,0.6667113075309138,0.00966474710950404,0
imbalance_20,5.0,9,0.3834325231891671,0.0,35.62317981799549,0.060504922506598745,44799,0.6667113105203241,0.009754682024152325,0
imbalance_20,10.0,0,0.3772318557888727,0.0,35.23100315119075,0.06034815111940664,44800,0.6667633928571428,0.009821428571428571,0
imbalance_20,10.0,1,0.3926527952153007,0.0,34.89561827362297,0.060772639639070786,44801,0.6667261891475637,0.009754246556996495,0
imbalance_20,10.0,2,0.39999357362909504,0.0,34.99013992349933,0.06035596001486109,44798,0.6667485155587303,0.009665610071878208,0
imbalance_20,10.0,3,0.43582552655600715,0.0,43.60237930142216,0.061713144645295655,44799,0.6667336324471529,0.009732360097323601,0
imbalance_20,10.0,4,0.4484095240313817,0.0,46.569229650742614,0.06261680488631663,44797,0.6667633993347769,0.009688148759961605,0
imbalance_20,10.0,5,0.43804294068168054,0.0,44.77474419539101,0.06163886456442703,44798,0.6667708379838385,0.009754899772311264,0
imbalance_20,10.0,6,0.39875883941653095,0.0,37.79218714211004,0.06123039948427045,44799,0.6667559543739816,0.009710038170494878,0
imbalance_20,10.0,7,0.4445736175383597,0.0,43.924837339616374,0.06219011013222932,44799,0.6667559543739816,0.009620750463179981,0
imbalance_20,10.0,8,0.4440886801355682,0.0,43.703767748411565,0.06136764087139282,44801,0.6667261891475637,0.009709604696323744,0
imbalance_20,10.0,9,0.38902173591709444,0.0,36.38905283697056,0.06108229055715411,44799,0.6667559543739816,0.009732360097323601,0
imbalance_20,inf,0,0.40066548635409666,0.0,39.38194448244565,0.06141846085816886,44800,0.6667857142857143,0.009732142857142858,0
imbalance_20,inf,1,0.4772093590212293,0.0,47.1929074366069,0.0615713289741492,44800,0.6667410714285714,0.009732142857142858,0
imbalance_20,inf,2,0.3975789063399837,0.0,35.08261654363412,0.06035100552736077,44799,0.6667559543739816,0.009710038170494878,0
imbalance_20,inf,3,0.4638275714262007,0.0,45.55273729888779,0.06207580771931431,44799,0.6667559543739816,0.009732360097323601,0
imbalance_20,inf,4,0.4591619609048611,0.0,48.415328654884775,0.06263539476838316,44799,0.6667782763008103,0.009732360097323601,0
imbalance_20,inf,5,0.43702688025063985,0.0,43.77093478028053,0.06167509134424253,44799,0.6667559543739816,0.009710038170494878,0
imbalance_20,inf,6,0.391686777674829,0.0,39.29667237075705,0.06137652684760729,44799,0.6667559543739816,0.009754682024152325,0
imbalance_20,inf,7,0.38156126509208577,0.0,34.61740042010672,0.06025786300984169,44799,0.6667782763008103,0.009710038170494878,0
imbalance_20,inf,8,0.39391012335031894,0.0,38.42451409045816,0.060692675171226895,44800,0.6667633928571428,0.009732142857142858,0
imbalance_20,inf,9,0.41131129710898645,0.0,38.078266164998695,0.06114168401055581,44799,0.6667559543739816,0.009732360097323601,0
imbalance_05,0.1,0,0.12947542726675626,1.4764938835697932e-72,8.094434095086172,0.047358858672490255,44857,0.6624384154089663,0.01417838910315001,0
imbalance_05,0.1,1,0.17046226904149933,3.971316928839079e-125,31.259724249315582,0.05736546316840307,44849,0.6651876296015519,0.009409351379071998,0
imbalance_05,0.1,2,0.14990620552439374,6.828252755842685e-97,17.174647572426352,0.04789737678294015,44691,0.6649213488174353,0.010628538184421919,0
imbalance_05,0.1,3,0.1341863161177637,7.659694023783049e-78,14.167928524021704,0.04847608999888026,44768,0.6621470693352395,0.008867941386704789,0
imbalance_05,0.1,4,0.04992620882231321,4.4580022124340144e-12,9.435579608802072,0.05063096466958023,44604,0.668706842435656,0.009774908079992825,0
imbalance_05,0.1,5,0.21230445663687808,1.4647500751437876e-194,10.246799755159373,0.047052063048827114,44634,0.6689071111708563,0.014876551507819151,0
imbalance_05,0.1,6,0.29658501203337206,0.0,-25.362740277314174,0.05025717430433953,44823,0.6704593623809205,0.010864957722597773,1
imbalance_05,0.1,7,0.29023198447698556,0.0,-29.717771824399392,0.04960148315463648,44803,0.6609155636899314,0.007075419056759592,1
imbalance_05,0.1,8,0.372781371646352,0.0,-19.621178565649245,0.050624405767941506,44864,0.6606633380884451,0.011746611982881598,1
imbalance_05,0.1,9,0.10265055804118375,3.860416367537685e-46,-10.178469495363856,0.045527230124387544,44832,0.6665774446823698,0.010572805139186296,0
imbalance_05,0.5,0,0.17908843720315065,4.08458724731962e-138,10.095486316046276,0.056032366255920465,44805,0.666912174980471,0.010847003682624708,0
imbalance_05,0.5,1,0.1257707939049922,1.5453499324332563e-68,24.319005877897098,0.05364959217681875,44817,0.6667112925898655,0.010085458642925675,0
imbalance_05,0.5,2,0.15331441543644073,2.600307486247741e-101,14.674251621522558,0.05619783719710957,44792,0.6672173602429006,0.009912484372209323,0
imbalance_05,0.5,3,0.1954829348990044,1.0977713672635946e-164,16.076729265735935,0.05566144806150513,44794,0.6674554627851944,0.009331606911639952,0
imbalance_05,0.5,4,0.20055150509728908,2.087922927668433e-173,15.70614736252935,0.05604633131347014,44756,0.6672848333184378,0.009294843149521852,0
imbalance_05,0.5,5,0.1303425263930852,1.625734733507577e-73,23.25739153954953,0.05278403801452291,44774,0.6674632599276366,0.009760128646089248,0
imbalance_05,0.5,6,0.20000049050097957,1.9030408863210878e-172,18.269038671856492,0.055673096555267386,44789,0.6667485320056263,0.009712206122038894,0
imbalance_05,0.5,7,0.1730342665295584,6.273250196605342e-129,5.232611970459743,0.054543242367678324,44799,0.6666443447398379,0.008817161097345923,0
imbalance_05,0.5,8,0.15527330810647377,6.731039412627018e-104,9.280720200688165,0.05190325113316779,44803,0.6662277079659844,0.009709171260853067,0
imbalance_05,0.5,9,0.15445871238818362,8.091255366688691e-103,9.921977737631096,0.055813707542630306,44822,0.6665030565347374,0.01055285350943733,0
imbalance_05,1.0,0,0.1719824495664217,2.287520389861757e-127,13.745132696320184,0.055419208054019585,44804,0.6669493795196857,0.010356218194804036,0
imbalance_05,1.0,1,0.18996823063685783,1.803886860150899e-155,9.714979451985187,0.05406261831534206,44814,0.6667112955772749,0.00988530369973669,0
imbalance_05,1.0,2,0.1639941889211316,7.826071843581248e-116,15.672620131816984,0.056363069467615594,44793,0.6669568905855826,0.009510414573705713,0
imbalance_05,1.0,3,0.20284745199546877,1.9497304556779363e-177,6.948166782494468,0.05395683884128562,44796,0.6668899008840075,0.009733011876060363,0
imbalance_05,1.0,4,0.19205828475381181,6.263574723110941e-159,11.033948588139992,0.054977558850439784,44782,0.6671430485462909,0.009624402661783752,0
imbalance_05,1.0,5,0.1712242187801857,3.013263912356373e-126,5.583193858031564,0.05399469980641224,44790,0.6670685420852869,0.009979906229068988,0
imbalance_05,1.0,6,0.1924114024817982,1.615627287832056e-159,9.151264189543667,0.05457477585955619,44794,0.6668750279055231,0.009912041791311336,0
imbalance_05,1.0,7,0.12998027922077093,4.094003960485416e-73,10.213422618372988,0.05526117896107175,44799,0.666800598227639,0.009107346146119332,0
imbalance_05,1.0,8,0.1431119302625853,2.1673924122783396e-88,10.349745426630307,0.05606460036069457,44812,0.6666741051504061,0.009662590377577435,0
imbalance_05,1.0,9,0.16443889236956957,1.8476649657309018e-116,8.442877144212957,0.053863783969668795,44799,0.6668229201544678,0.009866291658295945,0
imbalance_05,2.0,0,0.18158762395145697,5.261251727631142e-142,6.663757554532253,0.05396455491345546,44800,0.6669866071428572,0.010111607142857143,0
imbalance_05,2.0,1,0.2030514139739967,8.503302043937109e-178,6.094132343755859,0.05436407199322334,44806,0.6668749721019507,0.009864750256662055,0
imbalance_05,2.0,2,0.18352823300847124,4.5799586776668596e-145,6.913889082152309,0.054431443911544905,44793,0.6669792155024222,0.009666688991583506,0
imbalance_05,2.0,3,0.1873373718953182,3.573277587917624e-151,8.8430650743162,0.05411156951036308,44798,0.666971739809813,0.009777222197419527,0
imbalance_05,2.0,4,0.1784072100376703,4.5872965081350005e-137,9.687324646126285,0.05478522953219234,44789,0.667083435665007,0.009712206122038894,0
imbalance_05,2.0,5,0.1473818232158811,1.0987318644798388e-93,7.68503415027692,0.0537399361116806,44793,0.6670461902529413,0.00991226307682004,0
imbalance_05,2.0,6,0.1963686135321634,3.4197946067526635e-166,9.007830681543737,0.054710611291247435,44796,0.6669345477274756,0.009866952406464864,0
imbalance_05,2.0,7,0.19022842527726902,6.725993461421439e-156,6.322331396444156,0.05487218955887207,44799,0.6668898859349539,0.009464496975378914,0
imbalance_05,2.0,8,0.1440440299968963,1.5625540415438603e-89,9.721546061246272,0.05576624767654809,44806,0.6668526536624559,0.009775476498683213,0
imbalance_05,2.0,9,0.18624912154797257,2.0497940138368144e-149,5.718353438362783,0.053888475959010085,44799,0.6669122078617826,0.009888613585124668,0
imbalance_05,5.0,0,0.181097094673585,3.084170730800987e-141,5.242293028684344,0.05379529300470893,44800,0.6670089285714286,0.009955357142857143,0
imbalance_05,5.0,1,0.19165646612071416,2.9177832977753167e-158,5.49321254941583,0.05409320255788098,44802,0.6669345118521495,0.009865630998616133,0
imbalance_05,5.0,2,0.19480343004319486,1.5536670717004658e-163,9.927231025039987,0.054930627617987664,44797,0.6670089514922874,0.009799763377011854,0
imbalance_05,5.0,3,0.18293998202445294,3.9098652443734434e-144,5.86628976414147,0.0537837168866988,44799,0.6669568517154401,0.009799325877809772,0
imbalance_05,5.0,4,0.18483655801503354,3.785513400249067e-147,5.318334363926169,0.054248273170567664,44795,0.6670610559214198,0.009777876995200357,0
imbalance_05,5.0,5,0.18391894792218558,1.097821055517202e-145,4.356832674196994,0.054292010081075384,44797,0.6670089514922874,0.009844409223831953,0
imbalance_05,5.0,6,0.18686065333159785,2.1125453525620477e-150,6.885934088441445,0.05410124940031924,44798,0.666971739809813,0.009821867047636055,0
imbalance_05,5.0,7,0.13660913760283347,1.2311252702802483e-80,5.8291227557245975,0.05462704195167254,44799,0.6669791736422688,0.009643072390008705,0
imbalance_05,5.0,8,0.13802267365450988,2.73162046381964e-82,14.367159448999018,0.055323290329090974,44802,0.6669345118521495,0.009798669702245435,0
imbalance_05,5.0,9,0.1658394531440486,1.907703534553673e-118,7.024639637773475,0.054567159211698184,44799,0.6669791736422688,0.009821647804638496,0
imbalance_05,10.0,0,0.19380227333710603,7.570336363044589e-162,6.511130793566963,0.05426506752611921,44800,0.6670089285714286,0.009910714285714285,0
imbalance_05,10.0,1,0.20420300649473927,7.716773508715943e-180,4.253605576614859,0.05407953846993943,44801,0.6669717193812638,0.009843530278342002,0
imbalance_05,10.0,2,0.1871744316819524,6.562665706075863e-151,9.77173371774063,0.055034752415757233,44798,0.6669940622349212,0.009777222197419527,0
imbalance_05,10.0,3,0.1490352945228354,8.850795896738834e-96,8.574528279024662,0.053907687620791726,44799,0.6670014955690975,0.00984396973146722,0
imbalance_05,10.0,4,0.16591412578787318,1.4932103289701393e-118,4.752574071743425,0.05462614164604764,44797,0.6670312744156974,0.009822086300421903,0
imbalance_05,10.0,5,0.1800372377945205,1.383775813838507e-139,2.9640548499490933,0.054450571152946006,44798,0.6669940622349212,0.009844189472744319,0
imbalance_05,10.0,6,0.1975849400250026,2.8385979825657337e-168,7.205971862079423,0.05430832566741222,44799,0.6670014955690975,0.00984396973146722,0
imbalance_05,10.0,7,0.20072576393854835,1.0365820241087853e-173,5.329685217077326,0.054673512694478496,44799,0.6669791736422688,0.009754682024152325,0
imbalance_05,10.0,8,0.19816333009281206,2.875608637824792e-169,8.415391194020685,0.054696553277566784,44801,0.6669717193812638,0.009843530278342002,0
imbalance_05,10.0,9,0.20497932919752904,3.189274726229059e-181,7.478354814223735,0.054537481857604854,44799,0.6669791736422688,0.00984396973146722,0
imbalance_05,inf,0,0.1755606103584544,1.011233839974136e-132,7.952313908938436,0.054280865952610786,44800,0.6669866071428572,0.00984375,0
imbalance_05,inf,1,0.19670164943842994,9.238850252278937e-167,5.631843051784813,0.05436534947810032,44800,0.66703125,0.00984375,0
imbalance_05,inf,2,0.1793637093918226,1.5328120022286363e-138,9.291358107690826,0.05520756004252958,44799,0.6670014955690975,0.00984396973146722,0
imbalance_05,inf,3,0.18788618404137217,4.592118778274471e-152,4.041654191412022,0.05383083950908629,44799,0.6670238174959262,0.00984396973146722,0
imbalance_05,inf,4,0.161890958609106,6.829708958468798e-113,4.382311118129451,0.05453257217771985,44799,0.6670014955690975,0.00984396973146722,0
imbalance_05,inf,5,0.1804627587773596,3.0135241762197377e-140,7.1832701557772225,0.05404465930697494,44799,0.6670014955690975,0.009799325877809772,0
imbalance_05,inf,6,0.1368463873647057,6.515391645300145e-81,4.345538106268123,0.05367837436819606,44799,0.6670238174959262,0.009821647804638496,0
imbalance_05,inf,7,0.16977250345976377,4.056839581947228e-124,4.760397717634305,0.05458315946996059,44799,0.6670238174959262,0.009866291658295945,0
imbalance_05,inf,8,0.1985936892043749,5.2097485912307674e-170,8.962783742013585,0.054783592509875245,44800,0.66703125,0.00984375,0
imbalance_05,inf,9,0.20188939586433305,9.496128793030226e-176,9.67036403249233,0.05460668811953698,44799,0.6670238174959262,0.009821647804638496,0
